email,username,password_hash,breach_source,breach_date,domain,username_raw,domain_extracted
d***@acme-corp.com,davesmith18,XT7fCboHbn,InternalForumDump,2023-11-18,acme-corp.com,davesmith18,acme-corp.com
a***@adobe.com,alicepatel36,k#wgg4O2WJ,Collection1Combo,2025-10-16,adobe.com,alicepatel36,adobe.com
t***@acme-corp.com,tinabrown6,SZ%56zE3kx,FacebookLeak2021,2022-04-19,acme-corp.com,tinabrown6,acme-corp.com
t***@acmehq.com,tinamartin32,kz%QLT4Zpc,TwitterBreachQ2,2023-12-26,acmehq.com,tinamartin32,acmehq.com
s***@acme.internal,stevedavis51,7RjjXKYCNy,RockYou2024,2023-05-18,acme.internal,stevedavis51,acme.internal
d***@acmehq.com,davepatel55,NzNFqL@Th7,FacebookLeak2021,2021-12-03,acmehq.com,davepatel55,acmehq.com
n***@acmehq.com,nickpatel93,rHl96tQOkZ,InternalForumDump,2021-11-13,acmehq.com,nickpatel93,acmehq.com
t***@acme.internal,tinabrown40,qqMfX2$JiS,InternalForumDump,2025-04-22,acme.internal,tinabrown40,acme.internal
n***@facebook.com,nicknguyen89,nu%RDIipwN,DropboxHack2012,2022-12-07,facebook.com,nicknguyen89,facebook.com
b***@acme.internal,bobnguyen43,epSoi!MF02,DropboxHack2012,2025-09-14,acme.internal,bobnguyen43,acme.internal
n***@linkedin.com,nicktaylor7,T$gAw5qmEC,FacebookLeak2021,2023-08-22,linkedin.com,nicktaylor7,linkedin.com
o***@acmehq.com,oliviaanderson2,#!4lGoAdz%,FacebookLeak2021,2021-11-02,acmehq.com,oliviaanderson2,acmehq.com
r***@adobe.com,rachelmartin25,t#MKYdNH5k,InternalForumDump,2025-10-13,adobe.com,rachelmartin25,adobe.com
c***@gmail.com,carolmartin73,qNPCNJ!nVp,Collection1Combo,2025-07-01,gmail.com,carolmartin73,gmail.com
k***@acme-corp.com,karenjones73,%eor!76yk3,FacebookLeak2021,2022-10-21,acme-corp.com,karenjones73,acme-corp.com
q***@dropbox.com,quinnsmith39,!g6r7Xksow,FacebookLeak2021,2023-05-26,dropbox.com,quinnsmith39,dropbox.com
n***@acme-corp.com,nickpatel6,8oqg07BPk!,RockYou2024,2021-09-30,acme-corp.com,nickpatel6,acme-corp.com
a***@adobe.com,alicepatel53,152r0h65o2,AntiPublicCombo,2024-04-09,adobe.com,alicepatel53,adobe.com
h***@acme-corp.com,henrynguyen52,v5#sQA$J!h,FacebookLeak2021,2025-03-26,acme-corp.com,henrynguyen52,acme-corp.com
b***@twitter.com,bobjones94,0D$h8mcDI2,DropboxHack2012,2024-03-11,twitter.com,bobjones94,twitter.com
k***@hotmail.com,karenwilson16,WuuBAtiC@T,RockYou2024,2022-10-13,hotmail.com,karenwilson16,hotmail.com
a***@acmehq.com,alicegarcia78,RFDoF81lfI,TwitterBreachQ2,2025-09-16,acmehq.com,alicegarcia78,acmehq.com
j***@acme-corp.com,jacknguyen6,qF4eBQnUHq,LinkedInBreach2021,2022-01-09,acme-corp.com,jacknguyen6,acme-corp.com
n***@acmehq.com,nicknguyen90,Idq4E1S%N@,AntiPublicCombo,2022-10-19,acmehq.com,nicknguyen90,acmehq.com
n***@linkedin.com,nickanderson96,5EY4s0GqDV,DropboxHack2012,2024-09-16,linkedin.com,nickanderson96,linkedin.com
n***@adobe.com,nickanderson78,8GsGAS1W49,InternalForumDump,2026-01-30,adobe.com,nickanderson78,adobe.com
a***@dropbox.com,alicejones60,mrvEw6s@C3,AntiPublicCombo,2026-02-15,dropbox.com,alicejones60,dropbox.com
l***@acmehq.com,leonguyen6,Y@nbkiSLoU,TwitterBreachQ2,2025-04-17,acmehq.com,leonguyen6,acmehq.com
d***@acme-corp.com,davepatel40,M8z@nN3qUu,AdobeLeaks2019,2021-10-08,acme-corp.com,davepatel40,acme-corp.com
l***@outlook.com,leoanderson9,Hw43h#Q3VD,InternalForumDump,2022-08-02,outlook.com,leoanderson9,outlook.com
r***@linkedin.com,rachellee94,Nvq!sEYMSw,AntiPublicCombo,2021-06-18,linkedin.com,rachellee94,linkedin.com
h***@dropbox.com,henrygarcia61,Lx%KxEupWv,InternalForumDump,2021-12-17,dropbox.com,henrygarcia61,dropbox.com
p***@adobe.com,petergarcia98,JsgnpmaJs$,InternalForumDump,2024-08-05,adobe.com,petergarcia98,adobe.com
p***@acme-corp.com,peterjones61,Gw#q5heGMT,RockYou2024,2025-05-25,acme-corp.com,peterjones61,acme-corp.com
c***@acme.internal,carolnguyen54,O0pJED5%uP,AdobeLeaks2019,2021-12-15,acme.internal,carolnguyen54,acme.internal
c***@acme-corp.com,carolpatel21,aENtpVVEU9,DropboxHack2012,2023-11-07,acme-corp.com,carolpatel21,acme-corp.com
e***@acme-corp.com,evegarcia40,N39DFuAsKD,LinkedInBreach2021,2021-03-31,acme-corp.com,evegarcia40,acme-corp.com
i***@acmehq.com,irissmith74,NbZ3MZlIDs,Collection1Combo,2022-09-03,acmehq.com,irissmith74,acmehq.com
p***@outlook.com,peterbrown86,hkBHSAYcfq,AdobeLeaks2019,2021-11-25,outlook.com,peterbrown86,outlook.com
a***@facebook.com,alicemartin7,myYPYnK!DU,AdobeLeaks2019,2026-01-26,facebook.com,alicemartin7,facebook.com
h***@acmehq.com,henrydavis2,Lg%9Eh3HWI,FacebookLeak2021,2023-11-27,acmehq.com,henrydavis2,acmehq.com
h***@acme-corp.com,henrylee77,I65s0B!I2s,FacebookLeak2021,2021-07-15,acme-corp.com,henrylee77,acme-corp.com
p***@linkedin.com,peterpatel45,wZz!6$pz5B,TwitterBreachQ2,2022-01-21,linkedin.com,peterpatel45,linkedin.com
m***@dropbox.com,marytaylor84,$HcHN66DJE,RockYou2024,2023-12-08,dropbox.com,marytaylor84,dropbox.com
c***@github.com,carollee44,PAfwTJ@P7G,InternalForumDump,2026-01-12,github.com,carollee44,github.com
j***@acme-corp.com,jacknguyen98,Q6DU8d1tzj,InternalForumDump,2023-12-04,acme-corp.com,jacknguyen98,acme-corp.com
n***@yahoo.com,nickdavis39,nzGpMM%t$S,FacebookLeak2021,2026-03-10,yahoo.com,nickdavis39,yahoo.com
b***@adobe.com,bobwilson37,Zp1omqYZTj,AdobeLeaks2019,2022-09-18,adobe.com,bobwilson37,adobe.com
o***@twitter.com,oliviasmith17,gtYliK$J93,FacebookLeak2021,2021-08-11,twitter.com,oliviasmith17,twitter.com
j***@hotmail.com,jackdavis60,#j#5W$#1y0,LinkedInBreach2021,2024-10-01,hotmail.com,jackdavis60,hotmail.com
i***@outlook.com,iriswilson48,hpb7L9oe38,FacebookLeak2021,2022-08-05,outlook.com,iriswilson48,outlook.com
b***@acme-corp.com,bobgarcia69,jESX@CXkBg,AntiPublicCombo,2022-10-13,acme-corp.com,bobgarcia69,acme-corp.com
b***@acme.internal,bobdavis31,5gTK$yAmi4,AntiPublicCombo,2025-09-20,acme.internal,bobdavis31,acme.internal
t***@acme-corp.com,tinasmith32,%0n3LN2pZ0,LinkedInBreach2021,2024-09-05,acme-corp.com,tinasmith32,acme-corp.com
e***@yahoo.com,eveanderson15,Sba0pvldXJ,AdobeLeaks2019,2023-07-25,yahoo.com,eveanderson15,yahoo.com
s***@linkedin.com,stevejones79,c06IE#eGAT,AntiPublicCombo,2022-03-29,linkedin.com,stevejones79,linkedin.com
c***@acme-corp.com,carolbrown36,PNVzOtHC1h,InternalForumDump,2022-03-11,acme-corp.com,carolbrown36,acme-corp.com
h***@hotmail.com,henrytaylor52,BgCSzk9e3g,AdobeLeaks2019,2022-01-22,hotmail.com,henrytaylor52,hotmail.com
r***@twitter.com,rachelsmith72,wixSY6W#Ox,InternalForumDump,2025-01-15,twitter.com,rachelsmith72,twitter.com
d***@facebook.com,davebrown98,spCLZPTLOS,FacebookLeak2021,2026-01-26,facebook.com,davebrown98,facebook.com
j***@acme-corp.com,jackbrown73,SeX$gJzEku,TwitterBreachQ2,2021-11-17,acme-corp.com,jackbrown73,acme-corp.com
b***@acmehq.com,bobpatel7,TsSGDsYhCs,AntiPublicCombo,2023-04-12,acmehq.com,bobpatel7,acmehq.com
t***@acme-corp.com,tinasmith99,jrvaYlzVH3,TwitterBreachQ2,2025-10-30,acme-corp.com,tinasmith99,acme-corp.com
n***@linkedin.com,nicksmith41,MMVBhbv1P3,TwitterBreachQ2,2025-09-27,linkedin.com,nicksmith41,linkedin.com
n***@outlook.com,nickwilson51,6Xo0fQJm0x,RockYou2024,2024-11-28,outlook.com,nickwilson51,outlook.com
f***@acmehq.com,frankwilson84,f@QFLMT7R%,TwitterBreachQ2,2021-05-22,acmehq.com,frankwilson84,acmehq.com
o***@linkedin.com,oliviajones39,1NxeEcytR$,AdobeLeaks2019,2022-10-14,linkedin.com,oliviajones39,linkedin.com
s***@github.com,steveanderson6,E2RvFkeg8x,AdobeLeaks2019,2023-05-28,github.com,steveanderson6,github.com
o***@facebook.com,oliviaanderson47,ysBwO0RegT,FacebookLeak2021,2024-10-26,facebook.com,oliviaanderson47,facebook.com
t***@acmehq.com,tinapatel19,9uRSiVfLRw,RockYou2024,2022-06-23,acmehq.com,tinapatel19,acmehq.com
q***@dropbox.com,quinnjones66,yymo@Gpjf4,AdobeLeaks2019,2023-05-22,dropbox.com,quinnjones66,dropbox.com
q***@dropbox.com,quinnsmith99,POkmUP8Wcy,DropboxHack2012,2023-09-29,dropbox.com,quinnsmith99,dropbox.com
o***@acme.internal,olivianguyen25,y@$EszJ#21,RockYou2024,2021-05-04,acme.internal,olivianguyen25,acme.internal
l***@acme.internal,leoanderson67,5tZs8jD@oE,TwitterBreachQ2,2026-01-31,acme.internal,leoanderson67,acme.internal
l***@outlook.com,leonguyen48,pvgVwjc9F3,AntiPublicCombo,2023-09-20,outlook.com,leonguyen48,outlook.com
a***@gmail.com,alicegarcia71,!OC0pipQPe,AntiPublicCombo,2022-11-20,gmail.com,alicegarcia71,gmail.com
s***@acme.internal,stevenguyen1,PqBSf$eJH%,InternalForumDump,2026-02-13,acme.internal,stevenguyen1,acme.internal
m***@yahoo.com,marybrown46,0xXQZXwcK2,RockYou2024,2021-07-30,yahoo.com,marybrown46,yahoo.com
p***@acmehq.com,petermartin9,V@cn17vuA2,AntiPublicCombo,2024-10-24,acmehq.com,petermartin9,acmehq.com
b***@acme.internal,bobmartin56,7X7z$HH9I1,Collection1Combo,2025-10-16,acme.internal,bobmartin56,acme.internal
f***@yahoo.com,frankanderson11,vtDWlDDW9P,Collection1Combo,2024-09-10,yahoo.com,frankanderson11,yahoo.com
b***@dropbox.com,bobjones47,IYkc4TDipR,TwitterBreachQ2,2024-02-01,dropbox.com,bobjones47,dropbox.com
o***@hotmail.com,oliviabrown10,MJARqhXHzL,FacebookLeak2021,2021-11-20,hotmail.com,oliviabrown10,hotmail.com
t***@adobe.com,tinagarcia63,njelV%2#%S,AdobeLeaks2019,2023-02-24,adobe.com,tinagarcia63,adobe.com
f***@adobe.com,frankdavis82,lyp%1pHyMF,InternalForumDump,2025-07-04,adobe.com,frankdavis82,adobe.com
j***@adobe.com,jacktaylor68,BBMiveFIi3,InternalForumDump,2022-08-24,adobe.com,jacktaylor68,adobe.com
e***@facebook.com,evetaylor8,3Iuk!p@Itf,DropboxHack2012,2022-09-03,facebook.com,evetaylor8,facebook.com
j***@acmehq.com,jackwilson22,NMlP8w9c5f,FacebookLeak2021,2022-08-01,acmehq.com,jackwilson22,acmehq.com
t***@acme-corp.com,tinamartin81,KRuq2BEUkB,AntiPublicCombo,2025-02-02,acme-corp.com,tinamartin81,acme-corp.com
k***@hotmail.com,karendavis17,YIhqiEjd@5,Collection1Combo,2024-11-03,hotmail.com,karendavis17,hotmail.com
k***@adobe.com,karenwilson98,k%F6HgAEqN,LinkedInBreach2021,2025-12-13,adobe.com,karenwilson98,adobe.com
p***@acme-corp.com,petergarcia56,iryBddLytz,AntiPublicCombo,2021-12-12,acme-corp.com,petergarcia56,acme-corp.com
q***@hotmail.com,quinnpatel41,k%Xuw3JVu2,TwitterBreachQ2,2024-05-17,hotmail.com,quinnpatel41,hotmail.com
s***@github.com,stevegarcia89,QNrR$MpdGJ,Collection1Combo,2025-05-28,github.com,stevegarcia89,github.com
s***@acme.internal,stevedavis41,CBnHOF4WVI,InternalForumDump,2024-05-30,acme.internal,stevedavis41,acme.internal
m***@acmehq.com,marybrown69,wxZWRUOmqL,DropboxHack2012,2024-07-25,acmehq.com,marybrown69,acmehq.com
p***@linkedin.com,peterbrown93,siTz$2@1tt,AdobeLeaks2019,2024-04-16,linkedin.com,peterbrown93,linkedin.com
p***@gmail.com,peternguyen35,!UjPNqSJQd,Collection1Combo,2024-05-19,gmail.com,peternguyen35,gmail.com
e***@facebook.com,evesmith21,B!6Fn#vR8f,DropboxHack2012,2023-03-27,facebook.com,evesmith21,facebook.com
b***@outlook.com,bobpatel23,!c40mY6tct,AdobeLeaks2019,2024-05-09,outlook.com,bobpatel23,outlook.com
r***@linkedin.com,rachelanderson18,5FmhkErmX0,DropboxHack2012,2025-04-01,linkedin.com,rachelanderson18,linkedin.com
m***@facebook.com,marytaylor52,SmjvqrpY@u,LinkedInBreach2021,2024-10-07,facebook.com,marytaylor52,facebook.com
b***@acme.internal,bobmartin21,BH7Vuh9tPo,RockYou2024,2023-07-21,acme.internal,bobmartin21,acme.internal
t***@outlook.com,tinabrown61,Y13ZTN0JJy,AdobeLeaks2019,2025-11-20,outlook.com,tinabrown61,outlook.com
g***@acme.internal,gracewilson67,DTWG8DdiBL,InternalForumDump,2023-08-23,acme.internal,gracewilson67,acme.internal
a***@yahoo.com,alicetaylor96,oeCUKe7%Ft,RockYou2024,2021-12-03,yahoo.com,alicetaylor96,yahoo.com
n***@outlook.com,nickbrown49,zTSKRxlJJW,DropboxHack2012,2021-07-21,outlook.com,nickbrown49,outlook.com
o***@adobe.com,oliviamartin69,zpEkm6ZcSP,LinkedInBreach2021,2024-11-19,adobe.com,oliviamartin69,adobe.com
b***@twitter.com,boblee7,qcDKYZj%p9,TwitterBreachQ2,2022-12-30,twitter.com,boblee7,twitter.com
k***@yahoo.com,karennguyen85,IBsLNXlTLd,TwitterBreachQ2,2022-08-17,yahoo.com,karennguyen85,yahoo.com
k***@outlook.com,karendavis39,zYF4uV19L#,InternalForumDump,2023-04-06,outlook.com,karendavis39,outlook.com
g***@acme.internal,gracebrown48,gWmrTO6mZW,InternalForumDump,2025-01-06,acme.internal,gracebrown48,acme.internal
k***@acme-corp.com,karengarcia95,h%GqOn9KZz,InternalForumDump,2022-08-06,acme-corp.com,karengarcia95,acme-corp.com
q***@acmehq.com,quinnlee61,Zvnud5XbLN,Collection1Combo,2024-07-30,acmehq.com,quinnlee61,acmehq.com
m***@gmail.com,marywilson84,@wZGWXEXxj,InternalForumDump,2023-06-30,gmail.com,marywilson84,gmail.com
b***@acme-corp.com,bobanderson10,@SZB4pVaHz,AntiPublicCombo,2022-07-15,acme-corp.com,bobanderson10,acme-corp.com
a***@facebook.com,alicesmith69,$b2T28hgjm,InternalForumDump,2024-10-26,facebook.com,alicesmith69,facebook.com
m***@hotmail.com,maryjones59,L%pT4R5Ygz,InternalForumDump,2023-07-26,hotmail.com,maryjones59,hotmail.com
c***@outlook.com,carollee43,L5gJco67Fd,AdobeLeaks2019,2022-05-25,outlook.com,carollee43,outlook.com
s***@acme.internal,stevemartin3,#NYVAfkq3A,InternalForumDump,2024-05-16,acme.internal,stevemartin3,acme.internal
c***@adobe.com,carolanderson7,gpfOPN#vQ0,AntiPublicCombo,2023-06-26,adobe.com,carolanderson7,adobe.com
m***@acmehq.com,marytaylor85,zZtqerz0kA,TwitterBreachQ2,2025-08-20,acmehq.com,marytaylor85,acmehq.com
o***@acme-corp.com,oliviabrown12,mELBbxgOvz,FacebookLeak2021,2023-11-30,acme-corp.com,oliviabrown12,acme-corp.com
r***@twitter.com,rachelnguyen88,zjuHeDCGfq,DropboxHack2012,2022-03-11,twitter.com,rachelnguyen88,twitter.com
g***@acme-corp.com,gracelee51,wP1ww25$jv,DropboxHack2012,2023-07-19,acme-corp.com,gracelee51,acme-corp.com
k***@adobe.com,karengarcia63,#0vs0y!n%m,InternalForumDump,2026-01-30,adobe.com,karengarcia63,adobe.com
g***@acmehq.com,gracelee9,21BHQqSV0e,AntiPublicCombo,2022-12-20,acmehq.com,gracelee9,acmehq.com
n***@acme-corp.com,nickanderson47,V2N9hqSlPL,Collection1Combo,2022-01-05,acme-corp.com,nickanderson47,acme-corp.com
d***@acmehq.com,davesmith96,IMMDAZNHxb,AdobeLeaks2019,2024-07-29,acmehq.com,davesmith96,acmehq.com
d***@acmehq.com,davedavis44,EnGFDUvu2h,TwitterBreachQ2,2022-08-07,acmehq.com,davedavis44,acmehq.com
h***@acmehq.com,henryanderson43,L#pBmQCbPn,Collection1Combo,2024-01-20,acmehq.com,henryanderson43,acmehq.com
c***@acme.internal,carolwilson69,mvEr5JQNON,TwitterBreachQ2,2024-04-05,acme.internal,carolwilson69,acme.internal
j***@acme-corp.com,jackwilson41,humUICjzmQ,RockYou2024,2023-02-14,acme-corp.com,jackwilson41,acme-corp.com
f***@linkedin.com,frankbrown46,@GnzLRBGVD,RockYou2024,2025-10-08,linkedin.com,frankbrown46,linkedin.com
h***@acmehq.com,henrygarcia37,lEXZKhhZ3y,LinkedInBreach2021,2021-12-21,acmehq.com,henrygarcia37,acmehq.com
n***@adobe.com,nickjones97,q6cr5f5h2o,TwitterBreachQ2,2021-05-28,adobe.com,nickjones97,adobe.com
f***@acmehq.com,frankwilson27,1MJNl$tM@I,AdobeLeaks2019,2025-06-22,acmehq.com,frankwilson27,acmehq.com
b***@acme-corp.com,bobgarcia32,jvq4AjQQzf,AdobeLeaks2019,2023-12-22,acme-corp.com,bobgarcia32,acme-corp.com
l***@linkedin.com,leolee1,64g$QU41A#,DropboxHack2012,2023-06-17,linkedin.com,leolee1,linkedin.com
k***@acme.internal,karenanderson44,7ZdP4b!kE%,Collection1Combo,2025-02-05,acme.internal,karenanderson44,acme.internal
j***@acme.internal,jackpatel33,fSRdPWYCgg,DropboxHack2012,2023-07-24,acme.internal,jackpatel33,acme.internal
o***@acme-corp.com,oliviasmith16,%CiezWgu7j,RockYou2024,2022-08-21,acme-corp.com,oliviasmith16,acme-corp.com
q***@acme-corp.com,quinnwilson22,DWQkBT5fgY,Collection1Combo,2024-04-06,acme-corp.com,quinnwilson22,acme-corp.com
e***@yahoo.com,evenguyen32,LOO0U4SuII,Collection1Combo,2024-07-29,yahoo.com,evenguyen32,yahoo.com
h***@acme.internal,henrylee82,NJ$%!i5MyT,AntiPublicCombo,2021-11-30,acme.internal,henrylee82,acme.internal
b***@github.com,bobsmith37,QHBVfJPsuI,DropboxHack2012,2021-09-14,github.com,bobsmith37,github.com
s***@github.com,stevemartin88,RuD@pq9hPd,RockYou2024,2025-07-25,github.com,stevemartin88,github.com
f***@hotmail.com,franklee93,ryY6Xh8wCJ,FacebookLeak2021,2022-03-29,hotmail.com,franklee93,hotmail.com
f***@facebook.com,franksmith92,XCvBWsfyH8,RockYou2024,2024-12-24,facebook.com,franksmith92,facebook.com
m***@linkedin.com,maryjones40,vLanLuPFNH,DropboxHack2012,2022-02-15,linkedin.com,maryjones40,linkedin.com
h***@acme-corp.com,henrypatel4,px46@aS4Wg,InternalForumDump,2024-11-24,acme-corp.com,henrypatel4,acme-corp.com
e***@acme-corp.com,evedavis67,B8EYMHQANe,RockYou2024,2024-11-27,acme-corp.com,evedavis67,acme-corp.com
m***@adobe.com,marydavis58,sfn0NklFBJ,DropboxHack2012,2023-09-13,adobe.com,marydavis58,adobe.com
d***@acmehq.com,davejones39,3Uc4vgqxIT,FacebookLeak2021,2021-08-20,acmehq.com,davejones39,acmehq.com
o***@adobe.com,oliviaanderson13,E1ja3$i3yQ,AdobeLeaks2019,2022-12-20,adobe.com,oliviaanderson13,adobe.com
c***@acmehq.com,carolsmith57,2g42i@d9DW,AntiPublicCombo,2026-01-25,acmehq.com,carolsmith57,acmehq.com
l***@acme.internal,leonguyen20,cPqtBKesjn,InternalForumDump,2024-11-01,acme.internal,leonguyen20,acme.internal
a***@github.com,alicetaylor62,KG9HAmvo80,LinkedInBreach2021,2021-09-12,github.com,alicetaylor62,github.com
s***@acmehq.com,stevenguyen31,r29d%o41x4,RockYou2024,2025-03-31,acmehq.com,stevenguyen31,acmehq.com
l***@acme-corp.com,leowilson46,@LLm%7GuGg,DropboxHack2012,2022-11-10,acme-corp.com,leowilson46,acme-corp.com
a***@acme-corp.com,alicebrown44,W94vbN9Z45,AdobeLeaks2019,2024-02-20,acme-corp.com,alicebrown44,acme-corp.com
s***@hotmail.com,stevejones18,$XDQGvVL7P,TwitterBreachQ2,2024-12-24,hotmail.com,stevejones18,hotmail.com
m***@adobe.com,marygarcia17,laVM5ZMmv2,DropboxHack2012,2022-08-25,adobe.com,marygarcia17,adobe.com
e***@acme.internal,evebrown41,l7fVQ7Drqe,FacebookLeak2021,2021-10-27,acme.internal,evebrown41,acme.internal
f***@acmehq.com,franktaylor71,@$w%7VCROD,LinkedInBreach2021,2025-08-31,acmehq.com,franktaylor71,acmehq.com
n***@facebook.com,nickdavis94,KStgAKGdaf,AntiPublicCombo,2025-02-11,facebook.com,nickdavis94,facebook.com
j***@linkedin.com,jackjones40,0F7rRzyzmc,AntiPublicCombo,2023-08-17,linkedin.com,jackjones40,linkedin.com
s***@acmehq.com,stevesmith86,gS2BYpezJ#,AntiPublicCombo,2023-01-09,acmehq.com,stevesmith86,acmehq.com
c***@acmehq.com,caroltaylor67,1TPiYl$$2i,Collection1Combo,2025-10-17,acmehq.com,caroltaylor67,acmehq.com
e***@yahoo.com,evewilson94,9eAAvsE60P,InternalForumDump,2021-11-07,yahoo.com,evewilson94,yahoo.com
e***@twitter.com,evewilson13,9LgtJxBzGO,LinkedInBreach2021,2025-04-08,twitter.com,evewilson13,twitter.com
t***@adobe.com,tinamartin51,7wpX98b2us,AntiPublicCombo,2021-06-03,adobe.com,tinamartin51,adobe.com
h***@yahoo.com,henrypatel57,ZvWOfD9BGI,TwitterBreachQ2,2021-08-18,yahoo.com,henrypatel57,yahoo.com
q***@acmehq.com,quinntaylor68,6bm34qE9Vs,AntiPublicCombo,2023-05-27,acmehq.com,quinntaylor68,acmehq.com
a***@hotmail.com,alicenguyen58,l6Nxk7YUtz,RockYou2024,2021-06-12,hotmail.com,alicenguyen58,hotmail.com
h***@gmail.com,henrymartin35,RI5#TFil1o,FacebookLeak2021,2022-03-28,gmail.com,henrymartin35,gmail.com
n***@hotmail.com,nicktaylor28,FT3AgIS4zR,FacebookLeak2021,2024-07-23,hotmail.com,nicktaylor28,hotmail.com
k***@dropbox.com,karengarcia36,rV7ukZ811O,TwitterBreachQ2,2022-06-01,dropbox.com,karengarcia36,dropbox.com
j***@outlook.com,jackgarcia95,cVMmWoJ08T,InternalForumDump,2024-07-20,outlook.com,jackgarcia95,outlook.com
r***@acme-corp.com,rachelpatel95,r2ZmTwfxXu,TwitterBreachQ2,2024-02-24,acme-corp.com,rachelpatel95,acme-corp.com
d***@acme-corp.com,davelee75,MPFniTJB6k,DropboxHack2012,2024-04-24,acme-corp.com,davelee75,acme-corp.com
o***@hotmail.com,oliviapatel24,0GQlQasYlZ,AntiPublicCombo,2021-10-30,hotmail.com,oliviapatel24,hotmail.com
t***@dropbox.com,tinataylor55,#zcnyav3mT,DropboxHack2012,2024-12-18,dropbox.com,tinataylor55,dropbox.com
e***@outlook.com,evejones40,l3ttWNw7%w,AntiPublicCombo,2024-03-21,outlook.com,evejones40,outlook.com
m***@acme-corp.com,marysmith28,XNlyRc6rJd,LinkedInBreach2021,2022-07-10,acme-corp.com,marysmith28,acme-corp.com
b***@acme.internal,bobdavis49,iqVnTaCgIP,RockYou2024,2023-11-20,acme.internal,bobdavis49,acme.internal
t***@acme-corp.com,tinajones64,nnrJnVtcHn,AntiPublicCombo,2024-05-18,acme-corp.com,tinajones64,acme-corp.com
d***@dropbox.com,davewilson12,0fW8RE$rd2,LinkedInBreach2021,2021-06-15,dropbox.com,davewilson12,dropbox.com
k***@acme-corp.com,karentaylor2,5SlxDP6g2m,Collection1Combo,2023-12-28,acme-corp.com,karentaylor2,acme-corp.com
m***@linkedin.com,marydavis84,7liW$4g9GM,AntiPublicCombo,2025-03-20,linkedin.com,marydavis84,linkedin.com
t***@dropbox.com,tinasmith94,$i9hBdrvVT,DropboxHack2012,2022-06-24,dropbox.com,tinasmith94,dropbox.com
t***@outlook.com,tinajones32,GSQj37Pa!H,AntiPublicCombo,2021-06-16,outlook.com,tinajones32,outlook.com
p***@gmail.com,peterbrown36,doRBpE1E5D,AdobeLeaks2019,2023-06-12,gmail.com,peterbrown36,gmail.com
n***@facebook.com,nicksmith12,1#Q7LREw32,AntiPublicCombo,2024-05-16,facebook.com,nicksmith12,facebook.com
p***@dropbox.com,peterdavis58,hYow3#tIVd,RockYou2024,2023-06-22,dropbox.com,peterdavis58,dropbox.com
n***@yahoo.com,nickjones25,i5o3mwYdQT,AdobeLeaks2019,2021-11-26,yahoo.com,nickjones25,yahoo.com
s***@acmehq.com,steveanderson1,Jd!4GI9lMW,RockYou2024,2025-08-26,acmehq.com,steveanderson1,acmehq.com
k***@outlook.com,karenanderson78,9Zs#$EiBUY,FacebookLeak2021,2021-07-04,outlook.com,karenanderson78,outlook.com
r***@acmehq.com,rachelmartin92,txT$R#HUvh,TwitterBreachQ2,2023-01-30,acmehq.com,rachelmartin92,acmehq.com
n***@adobe.com,nickmartin69,t42JbjSnYk,FacebookLeak2021,2022-05-27,adobe.com,nickmartin69,adobe.com
j***@github.com,jacknguyen46,2g6X5XLp01,FacebookLeak2021,2022-05-07,github.com,jacknguyen46,github.com
m***@github.com,marytaylor41,#dXn65DpQV,TwitterBreachQ2,2021-12-31,github.com,marytaylor41,github.com
g***@acme-corp.com,gracedavis889,e#Xhcsrk4a,AntiPublicCombo,2022-04-03,acme-corp.com,gracedavis889,acme-corp.com
b***@twitter.com,bobmartin39,GMx0vomeHB,InternalForumDump,2023-12-21,twitter.com,bobmartin39,twitter.com
g***@hotmail.com,gracemartin38,oYJ%3$aSD8,DropboxHack2012,2026-01-04,hotmail.com,gracemartin38,hotmail.com
d***@yahoo.com,davetaylor37,bIZIIGtRvf,AdobeLeaks2019,2025-04-18,yahoo.com,davetaylor37,yahoo.com
r***@acmehq.com,rachelsmith81,Z5CgKV$ZR!,RockYou2024,2026-02-06,acmehq.com,rachelsmith81,acmehq.com
c***@acme.internal,caroljones72,e39BEBvAha,AdobeLeaks2019,2021-12-29,acme.internal,caroljones72,acme.internal
l***@acmehq.com,leoanderson39,Os!z3ckoY1,InternalForumDump,2024-07-30,acmehq.com,leoanderson39,acmehq.com
l***@facebook.com,leosmith19,iaNJ@uY8xB,InternalForumDump,2025-06-08,facebook.com,leosmith19,facebook.com
i***@acmehq.com,irisnguyen7,5!%EKtegWG,TwitterBreachQ2,2024-03-25,acmehq.com,irisnguyen7,acmehq.com
d***@acme-corp.com,davegarcia41,GvSUkL2#lu,DropboxHack2012,2022-03-29,acme-corp.com,davegarcia41,acme-corp.com
l***@dropbox.com,leopatel62,FyuKlO45jK,FacebookLeak2021,2022-02-13,dropbox.com,leopatel62,dropbox.com
c***@facebook.com,carolsmith75,MZocr7KRjA,FacebookLeak2021,2025-06-25,facebook.com,carolsmith75,facebook.com
m***@acme-corp.com,marybrown79,TYjkLL6jX!,LinkedInBreach2021,2025-01-02,acme-corp.com,marybrown79,acme-corp.com
i***@acme-corp.com,irisbrown67,8yFEd$vVI3,FacebookLeak2021,2022-12-27,acme-corp.com,irisbrown67,acme-corp.com
m***@twitter.com,marybrown10,Iz8Ix6GGOH,RockYou2024,2023-10-08,twitter.com,marybrown10,twitter.com
i***@acme.internal,irisnguyen78,Whp2WGGok3,LinkedInBreach2021,2024-11-12,acme.internal,irisnguyen78,acme.internal
q***@acme-corp.com,quinnsmith34,9IB#Q6W3@o,AntiPublicCombo,2021-05-15,acme-corp.com,quinnsmith34,acme-corp.com
n***@acmehq.com,nickwilson99,mSrWwENpzh,DropboxHack2012,2023-04-21,acmehq.com,nickwilson99,acmehq.com
n***@acme.internal,nickpatel79,O6JYgS8Ka!,Collection1Combo,2023-04-22,acme.internal,nickpatel79,acme.internal
q***@gmail.com,quinntaylor62,0zNXZUgiFp,AdobeLeaks2019,2024-08-23,gmail.com,quinntaylor62,gmail.com
i***@acme-corp.com,irisnguyen1,MhaRUvykRq,InternalForumDump,2023-11-10,acme-corp.com,irisnguyen1,acme-corp.com
m***@outlook.com,marynguyen72,GyLruxVX5S,DropboxHack2012,2023-09-24,outlook.com,marynguyen72,outlook.com
d***@facebook.com,davenguyen44,1PTdAQ13FO,AdobeLeaks2019,2025-11-15,facebook.com,davenguyen44,facebook.com
t***@adobe.com,tinasmith52,PIVO@2QDnS,InternalForumDump,2024-08-18,adobe.com,tinasmith52,adobe.com
q***@acme-corp.com,quinnanderson87,cqak%0xANI,AdobeLeaks2019,2025-09-23,acme-corp.com,quinnanderson87,acme-corp.com
r***@hotmail.com,rachelwilson36,p#EBalHLHw,AdobeLeaks2019,2021-09-24,hotmail.com,rachelwilson36,hotmail.com
r***@yahoo.com,rachelwilson49,LZY#EENbhe,DropboxHack2012,2022-06-09,yahoo.com,rachelwilson49,yahoo.com
n***@facebook.com,nickbrown90,3qgT3f!Fx7,FacebookLeak2021,2025-03-17,facebook.com,nickbrown90,facebook.com
g***@acmehq.com,gracelee31,6nnqPkh9TS,LinkedInBreach2021,2021-12-12,acmehq.com,gracelee31,acmehq.com
p***@twitter.com,peterbrown74,6G$9soMd1G,InternalForumDump,2026-01-19,twitter.com,peterbrown74,twitter.com
f***@acme.internal,franklee59,vaTzgy5mrs,TwitterBreachQ2,2024-03-07,acme.internal,franklee59,acme.internal
n***@github.com,nickdavis52,smiMpgspCz,RockYou2024,2021-09-30,github.com,nickdavis52,github.com
a***@outlook.com,alicepatel81,IW0uLMAUe2,AntiPublicCombo,2021-07-12,outlook.com,alicepatel81,outlook.com
k***@hotmail.com,karengarcia72,!rbi6#nMRl,FacebookLeak2021,2024-03-29,hotmail.com,karengarcia72,hotmail.com
o***@outlook.com,oliviajones60,Qjl2wQM4ek,DropboxHack2012,2024-06-22,outlook.com,oliviajones60,outlook.com
i***@dropbox.com,iriswilson57,0!YIEl5ipq,AdobeLeaks2019,2025-01-19,dropbox.com,iriswilson57,dropbox.com
c***@acme.internal,carollee685,ZfrkR7uqtP,RockYou2024,2023-04-13,acme.internal,carollee685,acme.internal
p***@facebook.com,peterlee71,D#UlOQQLJQ,FacebookLeak2021,2024-04-14,facebook.com,peterlee71,facebook.com
c***@yahoo.com,carollee34,kaJYjtJUGY,FacebookLeak2021,2026-03-08,yahoo.com,carollee34,yahoo.com
t***@acme.internal,tinanguyen25,BLAkXAzrCq,FacebookLeak2021,2024-08-20,acme.internal,tinanguyen25,acme.internal
i***@gmail.com,iristaylor24,jhEEUGvk#b,AdobeLeaks2019,2024-08-26,gmail.com,iristaylor24,gmail.com
a***@acme.internal,alicenguyen28,wu1%F1w4@d,Collection1Combo,2025-10-31,acme.internal,alicenguyen28,acme.internal
i***@acmehq.com,iristaylor32,z$q%nXgSnA,FacebookLeak2021,2024-06-03,acmehq.com,iristaylor32,acmehq.com
r***@acmehq.com,rachelanderson39,n75ohQvlsi,DropboxHack2012,2026-03-08,acmehq.com,rachelanderson39,acmehq.com
p***@acme-corp.com,peterdavis32,kgP!%PeRU1,RockYou2024,2023-07-01,acme-corp.com,peterdavis32,acme-corp.com
l***@acmehq.com,leolee49,xj8GDtUmmx,AntiPublicCombo,2024-09-09,acmehq.com,leolee49,acmehq.com
r***@acme.internal,rachelpatel58,tryaQzmb5Z,DropboxHack2012,2024-06-08,acme.internal,rachelpatel58,acme.internal
r***@gmail.com,racheltaylor64,ZksBvgSc!l,LinkedInBreach2021,2025-02-06,gmail.com,racheltaylor64,gmail.com
b***@dropbox.com,bobwilson85,GPNdoWa9R!,AdobeLeaks2019,2023-08-11,dropbox.com,bobwilson85,dropbox.com
r***@outlook.com,racheldavis91,dPJX3foIgp,Collection1Combo,2025-03-03,outlook.com,racheldavis91,outlook.com
s***@acmehq.com,stevemartin72,BhQxES7lmA,TwitterBreachQ2,2022-07-19,acmehq.com,stevemartin72,acmehq.com
o***@hotmail.com,oliviabrown42,4BQ3vqKzKX,TwitterBreachQ2,2023-09-12,hotmail.com,oliviabrown42,hotmail.com
l***@acme.internal,leowilson12,MMofvGG8V2,AdobeLeaks2019,2022-11-23,acme.internal,leowilson12,acme.internal
c***@github.com,carolsmith56,B66pROa0zu,LinkedInBreach2021,2024-06-11,github.com,carolsmith56,github.com
q***@acmehq.com,quinndavis94,%$YMgC0jwF,LinkedInBreach2021,2023-02-28,acmehq.com,quinndavis94,acmehq.com
q***@github.com,quinntaylor98,jLGRnPXqe0,TwitterBreachQ2,2022-05-24,github.com,quinntaylor98,github.com
n***@hotmail.com,nicktaylor42,xRZlx31PD9,DropboxHack2012,2025-02-11,hotmail.com,nicktaylor42,hotmail.com
c***@acmehq.com,caroljones19,62aUhEboKn,InternalForumDump,2022-01-10,acmehq.com,caroljones19,acmehq.com
e***@adobe.com,evedavis49,NSclt0PdRa,Collection1Combo,2022-07-13,adobe.com,evedavis49,adobe.com
l***@acmehq.com,leojones50,pz$gv6JmHE,LinkedInBreach2021,2026-01-04,acmehq.com,leojones50,acmehq.com
k***@outlook.com,karenlee3,xxPp$H2P67,LinkedInBreach2021,2023-02-14,outlook.com,karenlee3,outlook.com
k***@acmehq.com,karentaylor49,IT6TBMCuOE,RockYou2024,2025-01-27,acmehq.com,karentaylor49,acmehq.com
g***@yahoo.com,gracepatel68,8C8ZRLkeJW,RockYou2024,2024-06-14,yahoo.com,gracepatel68,yahoo.com
a***@outlook.com,alicebrown39,D!7!s0hmZP,FacebookLeak2021,2022-11-02,outlook.com,alicebrown39,outlook.com
h***@acme-corp.com,henrynguyen89,0i4FRmzFkp,Collection1Combo,2021-12-12,acme-corp.com,henrynguyen89,acme-corp.com
n***@adobe.com,nicknguyen26,Ye!%6GvEqB,LinkedInBreach2021,2022-10-28,adobe.com,nicknguyen26,adobe.com
k***@twitter.com,karentaylor74,NJ60IE3c%I,Collection1Combo,2022-02-10,twitter.com,karentaylor74,twitter.com
b***@yahoo.com,bobnguyen39,Ztlt9U8FRg,InternalForumDump,2025-08-07,yahoo.com,bobnguyen39,yahoo.com
r***@outlook.com,rachelpatel58,bE887gvRVk,AdobeLeaks2019,2025-09-21,outlook.com,rachelpatel58,outlook.com
l***@facebook.com,leojones94,1I@zzZ9LSk,RockYou2024,2025-03-25,facebook.com,leojones94,facebook.com
j***@adobe.com,jackgarcia58,tm8#aZaHH2,AntiPublicCombo,2024-11-24,adobe.com,jackgarcia58,adobe.com
o***@acmehq.com,oliviataylor1,qKPL3djRc5,FacebookLeak2021,2024-05-17,acmehq.com,oliviataylor1,acmehq.com
f***@acmehq.com,frankpatel89,UML#YycZv8,AdobeLeaks2019,2021-12-24,acmehq.com,frankpatel89,acmehq.com
j***@acme.internal,jacklee43,JJUPhWQ%GU,FacebookLeak2021,2023-11-03,acme.internal,jacklee43,acme.internal
q***@twitter.com,quinnwilson17,PHWH27ptmh,AntiPublicCombo,2022-09-23,twitter.com,quinnwilson17,twitter.com
g***@outlook.com,gracewilson43,x2oQUreuKZ,AdobeLeaks2019,2022-05-22,outlook.com,gracewilson43,outlook.com
s***@acme-corp.com,stevewilson25,wwT91RGQ7J,TwitterBreachQ2,2023-08-22,acme-corp.com,stevewilson25,acme-corp.com
b***@yahoo.com,bobanderson87,vJnT17x#sc,Collection1Combo,2022-09-20,yahoo.com,bobanderson87,yahoo.com
t***@acmehq.com,tinataylor97,u5Vsf6y3uJ,RockYou2024,2025-08-09,acmehq.com,tinataylor97,acmehq.com
q***@acme-corp.com,quinnjones6,UNfFdISuMu,DropboxHack2012,2024-06-07,acme-corp.com,quinnjones6,acme-corp.com
r***@github.com,rachelbrown16,skh#LgKKs@,FacebookLeak2021,2023-01-06,github.com,rachelbrown16,github.com
t***@facebook.com,tinabrown17,b8dzfAV7QU,AntiPublicCombo,2022-10-11,facebook.com,tinabrown17,facebook.com
g***@github.com,gracedavis69,f9ZMg1UguR,AntiPublicCombo,2023-08-06,github.com,gracedavis69,github.com
t***@hotmail.com,tinagarcia90,9w5vGehG4s,TwitterBreachQ2,2022-11-05,hotmail.com,tinagarcia90,hotmail.com
m***@acmehq.com,marydavis84,euENpqkGen,Collection1Combo,2021-11-01,acmehq.com,marydavis84,acmehq.com
k***@acmehq.com,karenanderson86,f!MGNFL3l#,AdobeLeaks2019,2022-11-17,acmehq.com,karenanderson86,acmehq.com
m***@linkedin.com,marybrown8,g278QajjJA,AntiPublicCombo,2025-02-19,linkedin.com,marybrown8,linkedin.com
j***@github.com,jackwilson39,9!W9%NOI45,LinkedInBreach2021,2024-02-29,github.com,jackwilson39,github.com
a***@facebook.com,alicedavis46,hscCNPVBDo,RockYou2024,2023-07-28,facebook.com,alicedavis46,facebook.com
l***@acmehq.com,leotaylor17,iebWGD%fRB,AntiPublicCombo,2021-10-23,acmehq.com,leotaylor17,acmehq.com
t***@linkedin.com,tinapatel71,2zpCaHWVs!,TwitterBreachQ2,2026-01-17,linkedin.com,tinapatel71,linkedin.com
l***@twitter.com,leojones89,fWJ5YsIJOq,AdobeLeaks2019,2022-05-26,twitter.com,leojones89,twitter.com
j***@acme-corp.com,jackwilson69,0FIFXC#1tc,FacebookLeak2021,2022-02-27,acme-corp.com,jackwilson69,acme-corp.com
p***@acmehq.com,peterwilson85,%2PtfH5sis,FacebookLeak2021,2026-02-25,acmehq.com,peterwilson85,acmehq.com
s***@acmehq.com,stevedavis48,2rUG15wfj!,RockYou2024,2021-07-15,acmehq.com,stevedavis48,acmehq.com
m***@dropbox.com,marynguyen82,lM4dr2dFFF,InternalForumDump,2024-12-03,dropbox.com,marynguyen82,dropbox.com
p***@acmehq.com,petergarcia56,a!ET#Tc9Q#,Collection1Combo,2022-10-23,acmehq.com,petergarcia56,acmehq.com
k***@yahoo.com,karengarcia33,RAZYXNnwUm,InternalForumDump,2026-03-05,yahoo.com,karengarcia33,yahoo.com
a***@acme.internal,alicetaylor88,Dosmbg!R3@,AdobeLeaks2019,2022-04-06,acme.internal,alicetaylor88,acme.internal
t***@outlook.com,tinapatel83,L#8UqF!Q9s,Collection1Combo,2022-05-09,outlook.com,tinapatel83,outlook.com
k***@acmehq.com,karengarcia36,0zwe#rDG!O,RockYou2024,2022-08-13,acmehq.com,karengarcia36,acmehq.com
n***@twitter.com,nicknguyen57,VgeMqD8jQ!,Collection1Combo,2024-09-27,twitter.com,nicknguyen57,twitter.com
m***@acme-corp.com,marywilson99,GD400Ka@2G,InternalForumDump,2024-03-21,acme-corp.com,marywilson99,acme-corp.com
b***@acmehq.com,bobmartin44,fEZRlczmU8,TwitterBreachQ2,2023-07-04,acmehq.com,bobmartin44,acmehq.com
g***@acmehq.com,gracepatel76,pA1RH#2#bw,TwitterBreachQ2,2021-10-25,acmehq.com,gracepatel76,acmehq.com
g***@dropbox.com,gracemartin87,6JXpeXGb8P,DropboxHack2012,2022-04-20,dropbox.com,gracemartin87,dropbox.com
j***@linkedin.com,jackjones76,e2hNPenw4X,Collection1Combo,2024-05-31,linkedin.com,jackjones76,linkedin.com
r***@hotmail.com,rachelpatel28,ZNwijBULD!,LinkedInBreach2021,2025-06-26,hotmail.com,rachelpatel28,hotmail.com
t***@acme.internal,tinataylor11,amfR7B2ZUn,FacebookLeak2021,2023-04-20,acme.internal,tinataylor11,acme.internal
f***@acme-corp.com,frankwilson92,H@Q0xaphJg,TwitterBreachQ2,2021-05-25,acme-corp.com,frankwilson92,acme-corp.com
h***@github.com,henrylee27,sm1T#FlScR,FacebookLeak2021,2025-01-21,github.com,henrylee27,github.com
o***@acme.internal,oliviasmith69,l0Gh7WNvnT,TwitterBreachQ2,2024-12-10,acme.internal,oliviasmith69,acme.internal
d***@adobe.com,davenguyen26,zoFG7j!Ezj,DropboxHack2012,2022-09-09,adobe.com,davenguyen26,adobe.com
k***@acme-corp.com,karenpatel8,shFCYotk1@,RockYou2024,2022-12-29,acme-corp.com,karenpatel8,acme-corp.com
c***@facebook.com,caroltaylor28,N4sWXqvM7N,RockYou2024,2023-01-07,facebook.com,caroltaylor28,facebook.com
b***@linkedin.com,bobsmith65,cJG13EqLaX,DropboxHack2012,2025-06-28,linkedin.com,bobsmith65,linkedin.com
c***@linkedin.com,carolsmith21,V5YbEZ6B0y,AntiPublicCombo,2022-04-15,linkedin.com,carolsmith21,linkedin.com
c***@adobe.com,caroltaylor5,tYUPMnTPw!,InternalForumDump,2022-06-14,adobe.com,caroltaylor5,adobe.com
m***@linkedin.com,marybrown47,yRVLZjwKRX,DropboxHack2012,2022-01-04,linkedin.com,marybrown47,linkedin.com
l***@facebook.com,leogarcia36,dyEH3FJ38E,TwitterBreachQ2,2021-09-30,facebook.com,leogarcia36,facebook.com
c***@acme.internal,carolnguyen23,t#hsUH6IQt,InternalForumDump,2025-06-29,acme.internal,carolnguyen23,acme.internal
a***@acme-corp.com,alicegarcia67,RBwRvNU4Du,RockYou2024,2021-10-22,acme-corp.com,alicegarcia67,acme-corp.com
h***@hotmail.com,henrylee999,4jt#PkJmlV,RockYou2024,2025-04-30,hotmail.com,henrylee999,hotmail.com
e***@yahoo.com,evelee27,LcvxyKku9B,AntiPublicCombo,2021-12-04,yahoo.com,evelee27,yahoo.com
k***@acme-corp.com,karenpatel70,$wVFt@$MjL,AntiPublicCombo,2024-05-02,acme-corp.com,karenpatel70,acme-corp.com
b***@dropbox.com,bobpatel40,bPoxvOnJ0Z,DropboxHack2012,2026-02-08,dropbox.com,bobpatel40,dropbox.com
c***@acme.internal,carolanderson78,O@8yj5yytx,AntiPublicCombo,2021-05-01,acme.internal,carolanderson78,acme.internal
o***@outlook.com,oliviadavis37,kW8WB3Oju%,InternalForumDump,2024-05-09,outlook.com,oliviadavis37,outlook.com
n***@yahoo.com,nickmartin72,EM9n3tG3uN,AntiPublicCombo,2023-02-05,yahoo.com,nickmartin72,yahoo.com
a***@yahoo.com,alicepatel82,3FR7BGUqhs,AdobeLeaks2019,2022-11-16,yahoo.com,alicepatel82,yahoo.com
l***@acmehq.com,leosmith10,IZmgYK63Tu,TwitterBreachQ2,2025-09-11,acmehq.com,leosmith10,acmehq.com
e***@acmehq.com,evesmith48,0B9koH31LU,InternalForumDump,2021-06-28,acmehq.com,evesmith48,acmehq.com
d***@linkedin.com,davetaylor15,29Guy27OZw,FacebookLeak2021,2026-01-27,linkedin.com,davetaylor15,linkedin.com
e***@acmehq.com,evedavis40,iifU0fZYch,InternalForumDump,2022-11-28,acmehq.com,evedavis40,acmehq.com
b***@yahoo.com,bobjones97,giONnSbjXs,TwitterBreachQ2,2024-04-04,yahoo.com,bobjones97,yahoo.com
t***@facebook.com,tinanguyen13,2ZJV#lYaW9,InternalForumDump,2021-06-17,facebook.com,tinanguyen13,facebook.com
s***@linkedin.com,stevepatel14,mxzoph$ihj,TwitterBreachQ2,2022-04-13,linkedin.com,stevepatel14,linkedin.com
c***@acme.internal,carolbrown59,Ou$DLt5me4,AntiPublicCombo,2022-06-05,acme.internal,carolbrown59,acme.internal
d***@linkedin.com,davetaylor87,fjANg9$e$w,Collection1Combo,2025-07-18,linkedin.com,davetaylor87,linkedin.com
p***@github.com,petergarcia75,NY1@xS@%Ij,AntiPublicCombo,2025-08-17,github.com,petergarcia75,github.com
h***@acmehq.com,henrymartin7,3HblOvuPYS,InternalForumDump,2021-12-06,acmehq.com,henrymartin7,acmehq.com
j***@linkedin.com,jackmartin34,K2KbZ%6hE5,AntiPublicCombo,2023-08-28,linkedin.com,jackmartin34,linkedin.com
j***@acmehq.com,jackdavis18,uAZMGLKFLk,LinkedInBreach2021,2024-01-15,acmehq.com,jackdavis18,acmehq.com
m***@dropbox.com,marywilson37,vbd4xXb7wg,TwitterBreachQ2,2024-03-25,dropbox.com,marywilson37,dropbox.com
h***@gmail.com,henrynguyen76,fU6hlKcSCI,Collection1Combo,2024-09-26,gmail.com,henrynguyen76,gmail.com
k***@twitter.com,karentaylor74,gGUnH2Slu#,DropboxHack2012,2023-06-13,twitter.com,karentaylor74,twitter.com
c***@acme-corp.com,carolanderson39,%ApXg4gwe1,AntiPublicCombo,2023-11-03,acme-corp.com,carolanderson39,acme-corp.com
j***@acmehq.com,jackanderson70,uBqISK7QIm,AntiPublicCombo,2025-01-14,acmehq.com,jackanderson70,acmehq.com
o***@dropbox.com,oliviagarcia79,58!WenEqYZ,Collection1Combo,2023-12-07,dropbox.com,oliviagarcia79,dropbox.com
c***@gmail.com,carolmartin35,3RrOBhmq3F,InternalForumDump,2023-10-15,gmail.com,carolmartin35,gmail.com
g***@acme.internal,gracepatel36,Sl5#Gb5fO6,Collection1Combo,2024-03-12,acme.internal,gracepatel36,acme.internal
m***@acmehq.com,marydavis95,HiSMZJHgOZ,TwitterBreachQ2,2024-05-21,acmehq.com,marydavis95,acmehq.com
h***@acme-corp.com,henrytaylor28,#DrNGz@vCT,FacebookLeak2021,2021-04-20,acme-corp.com,henrytaylor28,acme-corp.com
p***@hotmail.com,peterdavis3,R8cX1d9Sqz,TwitterBreachQ2,2021-09-05,hotmail.com,peterdavis3,hotmail.com
h***@acme.internal,henrylee33,u!Yt5kDv2R,LinkedInBreach2021,2024-09-11,acme.internal,henrylee33,acme.internal
p***@adobe.com,peterlee43,W623UHxO2X,AntiPublicCombo,2022-05-03,adobe.com,peterlee43,adobe.com
f***@linkedin.com,frankmartin18,anuMhqVZRi,Collection1Combo,2021-10-15,linkedin.com,frankmartin18,linkedin.com
e***@acmehq.com,evegarcia42,1nBm6@7p@9,DropboxHack2012,2025-09-25,acmehq.com,evegarcia42,acmehq.com
f***@outlook.com,franksmith77,rfy@hWD9ET,AdobeLeaks2019,2024-12-22,outlook.com,franksmith77,outlook.com
i***@adobe.com,irisgarcia17,Cno3Wmm1b$,DropboxHack2012,2022-10-08,adobe.com,irisgarcia17,adobe.com
s***@dropbox.com,stevemartin2,F6$AozCOeL,LinkedInBreach2021,2024-05-14,dropbox.com,stevemartin2,dropbox.com
l***@dropbox.com,leowilson77,V2aHz$Si7c,RockYou2024,2024-10-09,dropbox.com,leowilson77,dropbox.com
k***@acmehq.com,karenlee68,Dru$H$syC8,FacebookLeak2021,2022-10-18,acmehq.com,karenlee68,acmehq.com
q***@outlook.com,quinnbrown41,XG@L9QDmdm,AntiPublicCombo,2024-10-10,outlook.com,quinnbrown41,outlook.com
d***@acme-corp.com,davelee91,LEhWjxnt3Y,FacebookLeak2021,2023-01-28,acme-corp.com,davelee91,acme-corp.com
s***@facebook.com,stevesmith24,BfZT7bTTAN,AdobeLeaks2019,2021-07-16,facebook.com,stevesmith24,facebook.com
p***@dropbox.com,peterlee77,SwcPE@%81i,LinkedInBreach2021,2021-09-27,dropbox.com,peterlee77,dropbox.com
j***@acmehq.com,jackmartin137,3IG7FLCY2P,Collection1Combo,2022-09-12,acmehq.com,jackmartin137,acmehq.com
h***@dropbox.com,henrymartin64,JRfFf1u$Tu,DropboxHack2012,2023-04-20,dropbox.com,henrymartin64,dropbox.com
r***@acme-corp.com,racheljones66,CgSMqrfHhS,RockYou2024,2021-10-28,acme-corp.com,racheljones66,acme-corp.com
c***@acmehq.com,caroltaylor93,ESPr#6mmYO,AdobeLeaks2019,2023-10-20,acmehq.com,caroltaylor93,acmehq.com
a***@dropbox.com,alicepatel89,BSXWu2PU#T,FacebookLeak2021,2025-09-28,dropbox.com,alicepatel89,dropbox.com
a***@gmail.com,alicedavis27,Gjq45KfZjC,AdobeLeaks2019,2025-04-20,gmail.com,alicedavis27,gmail.com
o***@acme.internal,olivialee75,qt3Awg4CBH,InternalForumDump,2024-08-08,acme.internal,olivialee75,acme.internal
s***@twitter.com,stevedavis633,pebMLrR7hP,TwitterBreachQ2,2023-09-20,twitter.com,stevedavis633,twitter.com
p***@acme-corp.com,peterbrown76,8wO4SitV#3,TwitterBreachQ2,2021-10-08,acme-corp.com,peterbrown76,acme-corp.com
f***@acmehq.com,frankwilson12,SinOgB%uod,LinkedInBreach2021,2024-03-22,acmehq.com,frankwilson12,acmehq.com
f***@acme-corp.com,frankpatel44,CPiprwxd6r,RockYou2024,2021-06-13,acme-corp.com,frankpatel44,acme-corp.com
d***@acme-corp.com,davedavis57,1#Y$0O5gLH,RockYou2024,2022-09-13,acme-corp.com,davedavis57,acme-corp.com
l***@acme.internal,leopatel98,HXgRwj4DBZ,DropboxHack2012,2021-07-21,acme.internal,leopatel98,acme.internal
q***@acmehq.com,quinnpatel97,BQqYJ0jC98,InternalForumDump,2021-10-11,acmehq.com,quinnpatel97,acmehq.com
o***@acmehq.com,oliviapatel9,fv$leYSQ8d,InternalForumDump,2024-07-29,acmehq.com,oliviapatel9,acmehq.com
r***@adobe.com,rachelgarcia45,asJ9UDnK0R,TwitterBreachQ2,2021-04-04,adobe.com,rachelgarcia45,adobe.com
g***@acme.internal,gracegarcia50,WXi%tgKIYk,LinkedInBreach2021,2021-03-29,acme.internal,gracegarcia50,acme.internal
h***@adobe.com,henrygarcia65,heyQxdRitX,AntiPublicCombo,2024-05-01,adobe.com,henrygarcia65,adobe.com
s***@adobe.com,stevewilson81,S4puS2MjzX,AdobeLeaks2019,2024-05-24,adobe.com,stevewilson81,adobe.com
l***@acme.internal,leolee53,fe7FDyJNIA,FacebookLeak2021,2022-12-16,acme.internal,leolee53,acme.internal
o***@linkedin.com,oliviadavis54,3jiViV5hoF,RockYou2024,2023-02-06,linkedin.com,oliviadavis54,linkedin.com
t***@acmehq.com,tinataylor38,cky%uG1jNd,FacebookLeak2021,2021-04-01,acmehq.com,tinataylor38,acmehq.com
p***@acme.internal,petersmith9,6BML80FWOZ,InternalForumDump,2022-08-31,acme.internal,petersmith9,acme.internal
o***@adobe.com,oliviapatel80,SBpAK#7XR6,LinkedInBreach2021,2023-01-10,adobe.com,oliviapatel80,adobe.com
j***@acmehq.com,jackanderson11,mPMdMmF8i!,RockYou2024,2026-02-16,acmehq.com,jackanderson11,acmehq.com
s***@acme.internal,stevelee78,vNG!wmbJzg,AdobeLeaks2019,2023-03-13,acme.internal,stevelee78,acme.internal
i***@acmehq.com,irisjones53,Td#mVtgj7r,AdobeLeaks2019,2025-12-10,acmehq.com,irisjones53,acmehq.com
s***@linkedin.com,stevenguyen65,zheFBGBp7s,AdobeLeaks2019,2024-11-07,linkedin.com,stevenguyen65,linkedin.com
e***@twitter.com,evegarcia11,4H0jKlq@#L,LinkedInBreach2021,2026-03-24,twitter.com,evegarcia11,twitter.com
t***@dropbox.com,tinagarcia1,e9sqT%4o4s,RockYou2024,2022-02-02,dropbox.com,tinagarcia1,dropbox.com
c***@acme-corp.com,caroltaylor93,LsCO#vTwrY,AntiPublicCombo,2024-09-13,acme-corp.com,caroltaylor93,acme-corp.com
k***@linkedin.com,karennguyen43,bURaF8TB7V,Collection1Combo,2023-03-20,linkedin.com,karennguyen43,linkedin.com
c***@acme-corp.com,carolanderson86,Di$zOz42$i,TwitterBreachQ2,2025-02-24,acme-corp.com,carolanderson86,acme-corp.com
a***@dropbox.com,alicegarcia46,m2P2o$#cHV,DropboxHack2012,2026-03-12,dropbox.com,alicegarcia46,dropbox.com
m***@yahoo.com,maryjones64,lmXTOlNXi!,DropboxHack2012,2021-04-17,yahoo.com,maryjones64,yahoo.com
g***@acme-corp.com,gracemartin89,TPT7aCTR5v,Collection1Combo,2024-09-11,acme-corp.com,gracemartin89,acme-corp.com
p***@facebook.com,peterbrown93,psCEanfMbX,Collection1Combo,2025-10-25,facebook.com,peterbrown93,facebook.com
k***@acme.internal,karengarcia13,bCb1!4qF#3,TwitterBreachQ2,2023-04-27,acme.internal,karengarcia13,acme.internal
t***@linkedin.com,tinawilson81,Di$9z7U0e1,LinkedInBreach2021,2024-07-17,linkedin.com,tinawilson81,linkedin.com
d***@acme-corp.com,davemartin38,4APB50PEFC,AdobeLeaks2019,2024-04-30,acme-corp.com,davemartin38,acme-corp.com
a***@facebook.com,alicelee25,haVN48iIxG,AntiPublicCombo,2025-03-11,facebook.com,alicelee25,facebook.com
b***@yahoo.com,bobpatel66,#Yu7Zjuwya,RockYou2024,2025-11-29,yahoo.com,bobpatel66,yahoo.com
r***@outlook.com,rachelsmith26,QnemFUFU5L,TwitterBreachQ2,2022-10-12,outlook.com,rachelsmith26,outlook.com
d***@github.com,davelee64,oaopPqX@wX,DropboxHack2012,2023-12-28,github.com,davelee64,github.com
l***@acme.internal,leosmith72,htnNZcbnl7,RockYou2024,2024-04-30,acme.internal,leosmith72,acme.internal
g***@acmehq.com,gracesmith13,bTz0h!uq2S,InternalForumDump,2021-10-02,acmehq.com,gracesmith13,acmehq.com
b***@acme-corp.com,bobmartin66,#7ofFSeIYR,InternalForumDump,2024-02-19,acme-corp.com,bobmartin66,acme-corp.com
s***@acme-corp.com,stevepatel18,YtIpcIwECy,AntiPublicCombo,2024-06-15,acme-corp.com,stevepatel18,acme-corp.com
h***@acme-corp.com,henrygarcia38,4IR0!gecnn,TwitterBreachQ2,2024-10-30,acme-corp.com,henrygarcia38,acme-corp.com
i***@adobe.com,irisnguyen18,%YX9au30BB,LinkedInBreach2021,2023-08-03,adobe.com,irisnguyen18,adobe.com
e***@acmehq.com,evetaylor27,FI0YWE1umZ,Collection1Combo,2025-01-21,acmehq.com,evetaylor27,acmehq.com
a***@acmehq.com,alicebrown17,uXHSxpCYZU,FacebookLeak2021,2024-05-28,acmehq.com,alicebrown17,acmehq.com
b***@acmehq.com,bobpatel43,M19MAz@ezF,TwitterBreachQ2,2023-01-15,acmehq.com,bobpatel43,acmehq.com
j***@acmehq.com,jackjones23,cUGme#tpSe,LinkedInBreach2021,2024-03-02,acmehq.com,jackjones23,acmehq.com
n***@acmehq.com,nicktaylor17,JGe@6inCVF,FacebookLeak2021,2022-12-09,acmehq.com,nicktaylor17,acmehq.com
o***@acme-corp.com,oliviagarcia58,eA2J86EMXt,AntiPublicCombo,2024-04-15,acme-corp.com,oliviagarcia58,acme-corp.com
j***@twitter.com,jacktaylor23,BmPCzSUgUc,RockYou2024,2024-09-12,twitter.com,jacktaylor23,twitter.com
c***@adobe.com,caroldavis28,8BZiyYH0Bl,DropboxHack2012,2023-05-25,adobe.com,caroldavis28,adobe.com
o***@hotmail.com,oliviataylor25,Aah9vYGeKq,AntiPublicCombo,2025-06-12,hotmail.com,oliviataylor25,hotmail.com
f***@acme-corp.com,frankpatel23,tJAfZTkxoc,InternalForumDump,2025-01-08,acme-corp.com,frankpatel23,acme-corp.com
m***@yahoo.com,marydavis77,aZZ!zpgC%w,DropboxHack2012,2022-06-03,yahoo.com,marydavis77,yahoo.com
d***@acmehq.com,davemartin6,BhvLmnK!io,TwitterBreachQ2,2024-06-02,acmehq.com,davemartin6,acmehq.com
k***@acme-corp.com,karensmith9,SsPc7BZH%V,RockYou2024,2024-10-27,acme-corp.com,karensmith9,acme-corp.com
m***@github.com,marymartin43,lZU$Seb9EI,DropboxHack2012,2023-05-30,github.com,marymartin43,github.com
h***@twitter.com,henrysmith16,uXYPeztknc,AntiPublicCombo,2022-02-02,twitter.com,henrysmith16,twitter.com
k***@github.com,karenmartin67,1B2YpXwnd9,DropboxHack2012,2021-09-27,github.com,karenmartin67,github.com
t***@facebook.com,tinataylor57,QeG@d%!ilK,DropboxHack2012,2024-11-28,facebook.com,tinataylor57,facebook.com
o***@acmehq.com,oliviagarcia32,COuM#n5G@y,Collection1Combo,2025-04-17,acmehq.com,oliviagarcia32,acmehq.com
t***@outlook.com,tinadavis62,bz5Y9NkWrF,AntiPublicCombo,2024-08-23,outlook.com,tinadavis62,outlook.com
c***@acmehq.com,carolbrown26,kmaHWG!!$z,AntiPublicCombo,2024-07-04,acmehq.com,carolbrown26,acmehq.com
n***@acme.internal,nicksmith73,kZ#ZYxVQyd,Collection1Combo,2023-11-09,acme.internal,nicksmith73,acme.internal
b***@dropbox.com,bobbrown4,URrETrO@4a,AdobeLeaks2019,2022-08-15,dropbox.com,bobbrown4,dropbox.com
s***@facebook.com,stevejones55,lCUHJ7NXY9,AdobeLeaks2019,2025-08-15,facebook.com,stevejones55,facebook.com
l***@yahoo.com,leopatel96,Au%2aeUJRX,RockYou2024,2025-03-30,yahoo.com,leopatel96,yahoo.com
g***@acmehq.com,gracelee15,E2mdmYr8BP,AdobeLeaks2019,2021-05-13,acmehq.com,gracelee15,acmehq.com
k***@outlook.com,karenwilson88,7%2@Szdxwg,AntiPublicCombo,2021-05-09,outlook.com,karenwilson88,outlook.com
e***@acmehq.com,evesmith36,@YqET6ISaQ,TwitterBreachQ2,2026-02-20,acmehq.com,evesmith36,acmehq.com
k***@acme.internal,karenmartin52,X1x!@FSUgz,DropboxHack2012,2022-03-29,acme.internal,karenmartin52,acme.internal
s***@acme.internal,stevedavis12,uTK6lDhSqo,AdobeLeaks2019,2025-08-22,acme.internal,stevedavis12,acme.internal
f***@outlook.com,frankbrown29,WS@SS9QG1w,DropboxHack2012,2023-01-02,outlook.com,frankbrown29,outlook.com
k***@adobe.com,karentaylor93,zRL52ohffX,DropboxHack2012,2022-01-22,adobe.com,karentaylor93,adobe.com
e***@outlook.com,evebrown1,uNmACZ1!iS,DropboxHack2012,2025-08-20,outlook.com,evebrown1,outlook.com
o***@acmehq.com,oliviabrown38,4HEOjS1VOu,AdobeLeaks2019,2024-09-12,acmehq.com,oliviabrown38,acmehq.com
p***@gmail.com,petermartin91,#d2kW4!pX9,RockYou2024,2021-06-06,gmail.com,petermartin91,gmail.com
b***@yahoo.com,bobdavis21,MDG8o1nRy5,AdobeLeaks2019,2022-06-06,yahoo.com,bobdavis21,yahoo.com
m***@dropbox.com,marytaylor8,g$md$RN#QB,LinkedInBreach2021,2025-07-26,dropbox.com,marytaylor8,dropbox.com
t***@dropbox.com,tinapatel89,%SgF2zQDah,AdobeLeaks2019,2023-06-29,dropbox.com,tinapatel89,dropbox.com
h***@twitter.com,henrysmith74,GUgNz%Vtiv,InternalForumDump,2025-03-13,twitter.com,henrysmith74,twitter.com
m***@facebook.com,maryanderson68,GINV0iY#8m,RockYou2024,2026-03-16,facebook.com,maryanderson68,facebook.com
d***@acmehq.com,davesmith84,kL5c$HyKC@,LinkedInBreach2021,2024-11-03,acmehq.com,davesmith84,acmehq.com
q***@dropbox.com,quinngarcia18,MUJ%xKog2p,DropboxHack2012,2025-06-09,dropbox.com,quinngarcia18,dropbox.com
e***@acme.internal,evewilson36,iPerz8AfrC,RockYou2024,2023-03-25,acme.internal,evewilson36,acme.internal
i***@adobe.com,irismartin92,yS2OCk%DbO,AdobeLeaks2019,2024-09-19,adobe.com,irismartin92,adobe.com
r***@acme.internal,racheltaylor12,yws6paz#zh,AdobeLeaks2019,2025-04-01,acme.internal,racheltaylor12,acme.internal
s***@acme.internal,stevelee90,MssgdvYm2T,InternalForumDump,2023-02-21,acme.internal,stevelee90,acme.internal
p***@acmehq.com,peterwilson66,VSjMr9Qy0T,Collection1Combo,2022-04-09,acmehq.com,peterwilson66,acmehq.com
l***@acme.internal,leolee67,@72u5@Bugf,DropboxHack2012,2025-09-16,acme.internal,leolee67,acme.internal
j***@linkedin.com,jackanderson2,#CIWGI%7UB,DropboxHack2012,2021-07-28,linkedin.com,jackanderson2,linkedin.com
r***@acmehq.com,racheldavis85,@36JOO#T7J,DropboxHack2012,2025-04-02,acmehq.com,racheldavis85,acmehq.com
b***@linkedin.com,bobtaylor48,#wT355tGra,Collection1Combo,2025-01-05,linkedin.com,bobtaylor48,linkedin.com
q***@linkedin.com,quinnsmith63,daEthxWAaC,DropboxHack2012,2025-10-04,linkedin.com,quinnsmith63,linkedin.com
n***@acmehq.com,nickjones33,pAuCm2hD4k,TwitterBreachQ2,2022-01-16,acmehq.com,nickjones33,acmehq.com
g***@acme-corp.com,gracejones51,CwcS@#$hGH,RockYou2024,2024-05-30,acme-corp.com,gracejones51,acme-corp.com
m***@adobe.com,maryanderson50,i#1ixaTd3C,LinkedInBreach2021,2023-10-19,adobe.com,maryanderson50,adobe.com
c***@gmail.com,caroltaylor94,IqZ5%q2nV2,InternalForumDump,2022-10-22,gmail.com,caroltaylor94,gmail.com
s***@acme-corp.com,stevemartin17,Asmjbn5zJU,DropboxHack2012,2024-12-27,acme-corp.com,stevemartin17,acme-corp.com
q***@acme-corp.com,quinntaylor35,y@Vq7maSvt,FacebookLeak2021,2022-10-31,acme-corp.com,quinntaylor35,acme-corp.com
p***@hotmail.com,peterbrown13,STZiy2XNOp,FacebookLeak2021,2025-01-20,hotmail.com,peterbrown13,hotmail.com
d***@dropbox.com,davepatel16,c#72mDg@Pu,AntiPublicCombo,2021-12-19,dropbox.com,davepatel16,dropbox.com
b***@gmail.com,bobpatel92,q658$7EW9e,Collection1Combo,2023-04-19,gmail.com,bobpatel92,gmail.com
a***@acme-corp.com,alicepatel38,dL1UXAT6$l,InternalForumDump,2024-01-30,acme-corp.com,alicepatel38,acme-corp.com
t***@acme-corp.com,tinagarcia74,oU60EVJuoV,InternalForumDump,2025-07-26,acme-corp.com,tinagarcia74,acme-corp.com
j***@acme.internal,jacksmith18,s0Rq3JaxOy,AdobeLeaks2019,2022-04-12,acme.internal,jacksmith18,acme.internal
e***@acme-corp.com,evetaylor81,23o#l$K$00,AdobeLeaks2019,2022-03-08,acme-corp.com,evetaylor81,acme-corp.com
i***@dropbox.com,irismartin27,2osM2YkpWy,AntiPublicCombo,2025-09-16,dropbox.com,irismartin27,dropbox.com
f***@twitter.com,franknguyen94,msu72UmjCE,Collection1Combo,2025-09-02,twitter.com,franknguyen94,twitter.com
